English Word,French Word,Frequency
poison,poison,251,
mighty,puissant,905,
valentine,Valentin,232,
yours,le tiens,2077,
grief,toi mÃªme,124,
great,douleur,57,
thrust,gÃ©nial,176,
sometime,poussÃ©e,228,
readable,parfois,1580,
despair,lisible,222,
meaning,dÃ©sespoir,246,
consent,sens,249,
stone,consentement,253,
burning,calcul,226,
whose,brÃ»lant,225,
finds,dont,223,
substance,trouve,224,
according,substance,446,
coming,selon,443,
faces,venir,420,
reign,visages,234,
ulysses,rÃ¨gne,221,
morning,rÃ¨gne,221,
health,souverain,223,
commercial,Ulysse,444,
perfect,Matin,221,
doubt,santÃ©,221,
device,commercial,213,
tower,parfait,37,
measure,doute,186,
third,dispositif,298,
greet,la tour,366,
cupid,mesure,121,
solemn,troisiÃ¨me,449,
charity,saluer,1325,
practice,Cupidon,190,
breast,solennel,54,
philip,charitÃ©,55,
title,entraine toi,247,
eternal,Sein,2301,
curse,Philippe,403,
cardinal,Titre,396,
native,Ã©ternel,43,
large,malÃ©diction,44,
desert,cardinal,547,
together,originaire de,1172,
double,grand,101,
learned,dÃ©sert,141,
stuff,ensemble,35,
tribunes,double,115,
letter,appris,2322,
tells,des trucs,106,
every,tribunes,712,
disgrace,lettre,147,
money,raconte,216,
brains,chaque,101,
several,tout,72,
colour,disgrÃ¢ce,47,
image,argent,352,
sudden,cerveaux,105,
protector,nombreuses,172,
hands,Couleur,79,
lorenzo,image,67,
fiend,soudain,762,
music,tout Ã  coup,51,
swear,protecteur,98,
endure,mains,43,
winter,Lorenzo,494,
didst,dÃ©mon,187,
fault,la musique,152,
heads,jurer,247,
child,supporter,572,
offer,hiver,47,
dance,didst,56,
means,faute,208,
flourish,tÃªtes,147,
foolish,enfant,338,
fancy,offre,55,
mistake,Danse,1074,
repair,veux dire,125,
without,fleurir,219,
drink,insensÃ©,233,
cousin,fantaisie,500,
armour,erreur,1020,
known,rÃ©paration,149,
pound,sans pour autant,58,
battle,boisson,72,
picture,cousin,270,
excellent,armure,83,
water,connu,1347,
abroad,inconnue,807,
custom,livre,72,
worse,bataille,90,
bottom,image,62,
maintain,excellent,158,
toward,eau,44,
request,Ã  l'Ã©tranger,184,
lords,Douane,3600,
brows,pire,192,
complete,bas,283,
weary,maintenir,205,
strong,vers,664,
launce,demande,53,
prohibited,seigneurs,307,
proclaim,seigneurie,182,
longer,sourcils,426,
close,AchevÃ©e,242,
degree,se lasser,132,
oberon,fort,78,
flight,lancer,667,
whither,interdit,68,
number,proclamer,455,
action,plus long,618,
grave,proche,46,
season,diplÃ´me,437,
excuse,Oberon,53,
wretch,vol,263,
dishonour,oÃ¹,52,
heard,nombre,91,
fetch,action,59,
cromwell,la tombe,46,
suffer,saison,68,
burden,excuse,385,
story,misÃ©rable,636,
breath,dÃ©shonorer,47,
until,entendu,191,
fashion,chercher,921,
afraid,Cromwell,156,
castle,souffrir,237,
gower,fardeau,657,
maids,rÃ©cit,205,
knave,souffle,372,
quite,jusqu'Ã ,46,
ghost,mode,492,
behind,peur,41,
appears,ChÃ¢teau,89,
street,gower,73,
order,servantes,2210,
minds,fripon,86,
knock,assez,85,
college,fantÃ´me,46,
watch,derriÃ¨re,634,
danger,apparaÃ®t,41,
render,rue,564,
saying,ordre,457,
stomach,esprits,40,
peril,frappe,50,
thief,UniversitÃ©,208,
husband,regarder,627,
beggar,danger,900,
treason,rendre,66,
rogue,en disant,121,
thunder,estomac,51,
aside,pÃ©ril,201,
express,voleur,214,
judge,mari,47,
matter,mendiant,270,
morrow,trahison,196,
guess,coquin,98,
anything,tonnerre,78,
tarry,de cÃ´tÃ©,37,
garden,Express,109,
bedford,juge,153,
jealous,matiÃ¨re,203,
forbear,demain,180,
sound,devine,60,
waste,n'importe quoi,49,
pompey,goudronneux,111,
taste,jardin,327,
oxford,Bedford,204,
promise,jaloux,252,
palace,ancÃªtre,123,
personal,du son,120,
sweet,dÃ©chets,66,
house,pompey,87,
gentle,goÃ»t,103,
phebe,Oxford,111,
pistol,promettre,108,
afterwards,palais,156,
cease,personnel,377,
faint,sucrÃ©,106,
terms,maison,97,
shore,doux,368,
ancient,phebe,80,
blessing,pistolet,47,
assure,ensuite,40,
grace,cesser,42,
royal,perdre connaissance,53,
realm,termes,42,
disposition,rive,160,
jewel,ancien,816,
further,bÃ©nÃ©diction,163,
speed,assurer,41,
reason,disgrÃ¢ce,114,
pains,la grÃ¢ce,83,
smile,Royal,96,
bearing,domaine,156,
search,disposition,159,
comfort,bijou,368,
orlando,plus loin,112,
accuse,la vitesse,256,
ready,raison,158,
counsel,trahison,65,
purpose,des douleurs,769,
hence,sourire,420,
their,palier,111,
ransom,chercher,569,
sooner,confort,39,
habit,orlando,1076,
posthumus,accuser,71,
knight,dÃ©jÃ ,139,
revenge,prÃªt,55,
claudio,Conseil,362,
contrary,objectif,91,
light,Par consÃ©quent,71,
deeds,dÃ©sormais,654,
comes,d'oÃ¹,78,
conduct,leur,49,
delight,une ranÃ§on,338,
remember,plus tÃ´t,257,
wench,habitude,56,
certain,posthume,58,
sense,Chevalier,359,
suspect,vengeance,82,
father,Claudio,483,
small,contraire,58,
glass,dÃ©lice,103,
civil,vol,65,
course,lumiÃ¨re,92,
venice,actes,310,
porter,vient,839,
traitor,conduite,60,
walls,dÃ©lice,264,
storm,rappelles toi,586,
dreadful,jeune fille,50,
tedious,certain,53,
memory,sens,55,
court,suspect,50,
weeping,pÃ¨re,76,
valiant,petit,90,
turns,verre,52,
dying,civil,240,
spoke,cours,213,
dread,discours,53,
reputation,venise,420,
nothing,porter,90,
straight,traitre,72,
trouble,des murs,72,
possible,orage,102,
gallant,horrible,106,
apparel,fastidieux,77,
blunt,MÃ©moire,40,
france,tribunal,104,
silence,courtoisie,157,
defend,larmes,68,
grant,vaillant,317,
elbow,se tourne,56,
manner,en train de mourir,40,
general,parlait,92,
fortune,crainte,70,
patience,horrible,74,
clifford,rÃ©putation,276,
farewell,rien,467,
regard,tout droit,419,
lordship,difficultÃ©,844,
knows,possible,453,
weeds,galant,108,
forth,vÃªtements,1061,
think,cru,40,
unworthy,France,299,
dream,silence,112,
withal,dÃ©fendre,39,
spare,subvention,114,
since,coude,43,
believe,maniÃ¨re,172,
through,gÃ©nÃ©ral,98,
revolt,fortune,43,
minister,la patience,627,
blame,Clifford,73,
little,adieu,209,
natural,qui concerne,127,
about,seigneurie,124,
monster,sait,176,
profit,mauvaises herbes,95,
change,en avant,55,
painted,dÃ©sormais,48,
soldier,pense,120,
desperate,indigne,45,
repent,rÃªver,60,
undone,rÃªves,132,
version,avec,41,
rascal,de rechange,55,
proud,depuis,56,
enter,croyez,76,
remain,par,597,
maiden,rÃ©volte,137,
attend,ministre,48,
captain,faire des reproches,111,
deserve,peu,57,
force,Naturel,52,
syracuse,sur,88,
execution,monstre,283,
sweat,profit,51,
thrive,changement,128,
vengeance,peint,52,
shine,soldat,40,
feeble,dÃ©sespÃ©rÃ©,118,
enemy,se repentir,101,
madness,dÃ©fait,163,
passage,version,47,
soothsayer,coquin,37,
brother,fier,54,
emperor,entrer,39,
drums,divertir,85,
world,divertissement,81,
maria,rester,60,
month,jeune fille,356,
wolsey,assister,173,
emilia,assistÃ©,77,
rotten,capitaine,39,
swore,mÃ©riter,111,
ground,Obliger,48,
whole,les forces,94,
success,Syracuse,319,
capitol,exÃ©cution,43,
chief,transpiration,59,
right,prospÃ©rer,54,
entertainment,vengeance,217,
somerset,Ã©clat,49,
answer,faible,77,
desire,ennemi,100,
mortal,la dÃ©mence,54,
forces,passage,161,
throat,devin,72,
leisure,frÃ¨re,108,
company,empereur,117,
constable,tambours,37,
under,monde,88,
quick,maria,78,
piece,Mariana,40,
conscience,mois,46,
least,Wolsey,247,
public,Ã‰milie,446,
commission,pourri,150,
supper,jurÃ©,61,
henceforth,sol,76,
affections,entier,61,
therein,SuccÃ¨s,87,
midnight,Capitole,196,
night,chef,133,
counterfeit,sottises,595,
shortly,brillant,41,
perceive,droits d'auteur,132,
whore,droite,154,
along,divertissement,50,
after,somerset,45,
senator,rÃ©pondre,67,
acquainted,le dÃ©sir,183,
shape,mortel,108,
flood,les forces,372,
suffolk,gorge,38,
church,loisir,313,
authority,entreprise,59,
devise,gendarme,50,
ignorant,tonnerre,1206,
surrey,sous,73,
chain,comprendre,59,
living,entreprendre,193,
drawn,rapide,107,
enjoy,piÃ¨ce,96,
contempt,conscience,101,
intent,moins,284,
which,Publique,59,
throw,commission,118,
witness,souper,69,
honest,dÃ©sormais,170,
almost,affections,449,
barren,la bride,125,
thank,minuit,61,
shall,Chevalier,51,
office,minuit,147,
stroke,nuit,68,
encounter,ce soir,146,
glorious,contrefaire,198,
proof,prochainement,66,
bring,apercevoir,59,
seven,putain,84,
sacred,le long de,56,
spring,aprÃ¨s,52,
permission,ensuite,148,
written,ci-aprÃ¨s, par la suite,56,
match,sÃ©nateur,188,
happiness,connaissance,97,
stand,forme,67,
saint,inonder,119,
tonight,suffolk,55,
bound,Ã©glise,63,
courage,autoritÃ©,55,
ladies,concevoir,83,
pride,ignorant,80,
receive,Surrey,188,
bright,chaÃ®ne,117,
utter,vivant,73,
early,tirÃ©,58,
dispatch,prendre plaisir,42,
horse,mÃ©pris,187,
benefit,intention,229,
fairy,lequel,264,
welcome,jeter,46,
mirth,tÃ©moin,66,
teach,honnÃªte,169,
trick,presque,138,
sister,DÃ©nudÃ©,357,
speak,remercier,72,
grown,doit,149,
villain,Bureau,119,
black,accident vasculaire cÃ©rÃ©bral,246,
follow,rencontre,81,
slander,glorieux,76,
guilty,preuve,103,
courtesy,apporter,153,
tyrant,Sept,43,
before,sacrÃ©,91,
gross,printemps,101,
polixenes,autorisation,54,
fight,Ã©crit,75,
sovereign,rencontre,47,
servant,bonheur,43,
bless,supporter,44,
nought,comprendre,129,
surely,Saint,104,
clarence,ce soir,73,
familiar,liÃ©,44,
hundred,courage,59,
fellow,Dames,240,
companion,fiertÃ©,60,
infinite,recevoir,71,
better,brillant,243,
cloten,prononcer,49,
brought,chÃ¨rement,41,
blood,de bonne heure,177,
valour,envoi,38,
painter,cheval,61,
marcus,avantage,54,
trumpet,FÃ©e,252,
egypt,Bienvenue,79,
sport,gaietÃ©,230,
something,enseigner,195,
hostess,tour,67,
master,sÅ“ur,355,
mistress,parler,111,
elder,parle,104,
broke,grandi,107,
kingdom,scÃ©lÃ©rat,326,
truth,noir,63,
souls,suivre,265,
constant,calomnie,57,
spite,coupable,132,
wrath,courtoisie,207,
command,tyran,429,
indeed,avant,50,
another,brut,68,
understand,polixÃ¨nes,42,
fought,bats toi,178,
buried,souverain,107,
clouds,serviteur,190,
durst,bÃ©nir,310,
mariana,bÃ©nÃ©diction,75,
ourselves,nÃ©ant,45,
affection,sÃ»rement,121,
makes,clartÃ©,161,
count,familier,137,
condition,cent,78,
motion,compagnon,59,
place,un compagnon,438,
angel,infini,47,
victory,mieux,55,
wisdom,cailloter,72,
kindness,apportÃ©,102,
being,du sang,50,
bitter,valeur,77,
noise,peintre,307,
beard,Marcus,116,
begin,trompette,50,
throne,Egypte,101,
works,sport,70,
window,quelque chose,90,
strength,hÃ´tesse,77,
haste,MaÃ®tre,408,
table,maÃ®tresse,55,
account,aÃ®nÃ©,113,
everything,cassÃ©,117,
brave,Royaume,56,
single,vÃ©ritÃ©,208,
pluck,Ã¢mes,51,
liege,constant,158,
although,malgrÃ©,90,
virtue,dÃ©pit,53,
dinner,colÃ¨re,53,
effect,commander,95,
holds,commandÃ©,51,
itself,En effet,44,
country,un autre,154,
business,comprendre,53,
margaret,combattu,38,
wonder,enterrÃ©,58,
found,des nuages,191,
nature,durst,45,
secret,Mariana,50,
scorn,nous-mÃªmes,89,
cunning,affection,86,
tailor,affections,165,
whence,fait du,539,
point,Compte,466,
grieve,compter,72,
misery,contrefaire,63,
already,comtesse,148,
finger,pays,40,
enemies,rencontre,95,
earth,Ã©tat,39,
fears,mouvement,50,
gaunt,endroit,90,
advice,ange,294,
offend,la victoire,46,
service,sagesse,47,
prison,la gentillesse,72,
hazard,Ã©tant,143,
despite,amer,47,
knowledge,bruit,56,
advantage,barbe,112,
having,commencer,45,
sought,trÃ´ne,67,
devil,travaux,183,
asleep,la fenÃªtre,76,
tread,force,60,
reignier,chaste,37,
shake,hÃ¢te,86,
choice,gendarme,353,
flower,table,617,
slain,Compte,133,
weight,tout,40,
creature,courageux,90,
myself,CÃ©libataire,42,
serve,cueillir,42,
purse,Liege,466,
often,bien que,123,
prologue,vertu,66,
paper,dÃ®ner,979,
triumph,effet,57,
fatal,tient,48,
bishop,lui-mÃªme,37,
pedro,pays,81,
smell,Entreprise,90,
summer,margaret,54,
special,merveille,244,
estate,a trouvÃ©,90,
prove,la nature,128,
tender,secret,50,
ladyship,mÃ©pris,41,
yonder,ruse,145,
forbid,tailleur,302,
merit,d'oÃ¹,53,
depart,point,85,
download,pleurer,49,
subject,misÃ¨re,40,
shows,dÃ©jÃ ,82,
cross,doigt,71,
common,ennemis,90,
behalf,Terre,157,
damned,peurs,74,
flies,dÃ©charnÃ©,50,
praise,Conseil,106,
beyond,offenser,109,
undertake,un service,35,
neighbour,prison,76,
bodies,danger,72,
crave,malgrÃ©,94,
commend,connaissance,113,
ariel,avantage,288,
please,ayant,38,
sleep,recherchÃ©,56,
warlike,diable,119,
farther,endormi,44,
present,bande de roulement,94,
might,rÃ¨gne,38,
passion,secouer,54,
trust,choix,45,
raise,fleur,56,
commit,fleurs,95,
wives,tuÃ©,70,
tongue,poids,40,
chaste,crÃ©ature,53,
guard,moi mÃªme,60,
loving,mÃ©riter,322,
belike,servir,349,
sight,bourse,81,
favour,souvent,104,
modest,prologue,46,
prize,papier,62,
marcius,triomphe,218,
thomas,fatal,265,
reverence,Ã©vÃªque,142,
heart,pedro,98,
leave,odeur,92,
approach,Ã©tÃ©,121,
pardon,spÃ©cial,79,
discourse,biens,51,
former,prouver,39,
offence,soumissionner,81,
hollow,Madame,68,
state,lÃ -bas,97,
flatter,interdire,65,
other,mÃ©rite,55,
precious,partir,87,
percy,TÃ©lÃ©charger,92,
nurse,matiÃ¨re,336,
struck,montre,55,
bought,traverser,129,
silver,commun,239,
prepare,nom,67,
truly,damnÃ©,173,
proper,mouches,182,
issue,louange,56,
talbot,au-delÃ ,202,
birth,entreprendre,75,
widow,voisine,48,
besides,corps,50,
wound,demander,38,
friend,saluer,60,
senate,Ariel,133,
alive,S'il vous plaÃ®t,40,
sorrow,endormi,155,
voice,sommeil,104,
speaks,guerrier,40,
judgment,plus loin,122,
equal,prÃ©sent,92,
above,pourrait,69,
lieutenant,puissant,289,
quarrel,la passion,58,
witch,confiance,60,
murther,louange,76,
mowbray,Ã©lever,60,
chair,commettre,164,
lands,Ã©pouses,142,
marry,langue,39,
partly,chaste,36,
demand,garde,528,
oliver,aimant,175,
plead,Ãªtre comme,225,
scarce,vue,47,
occasion,favoriser,121,
poins,modeste,350,
patient,prix,438,
never,Marcius,58,
credit,Thomas,48,
perhaps,rÃ©vÃ©rence,799,
cheek,cÅ“ur,138,
warrant,laisser,160,
person,approche,2357,
plague,pardon,173,
brook,discours,35,
because,ancien,148,
except,infraction,47,
copyright,creux,167,
anger,biens,98,
instant,Etat,128,
faith,flatter,119,
mercy,un autre,1035,
these,frÃ¨re,55,
looks,mÃ¨re,47,
empty,autre,240,
seeing,autres,45,
parolles,prÃ©cieux,53,
citizen,Percy,57,
would,infirmiÃ¨re,272,
violent,frappÃ©,156,
embrace,achetÃ©,58,
malice,argent,366,
lovely,prÃ©parer,37,
willing,vraiment,37,
awhile,correct,44,
prayers,problÃ¨me,105,
simple,talbot,265,
those,naissance,74,
within,veuve,101,
skill,outre,232,
hangs,blessure,187,
shepherd,blessÃ©s,135,
provided,ami,43,
trial,sÃ©nat,115,
humble,vivant,43,
giving,chagrin,91,
gates,voix,66,
argument,parle,272,
forsooth,jugement,567,
deliver,Ã©gal,47,
kings,au dessus,213,
rough,lieutenant,66,
unhappy,querelle,174,
march,sorciÃ¨re,148,
hereafter,aller plus loin,325,
staff,mowbray,44,
drops,chaise,110,
clown,terres,145,
paris,marier,93,
crown,partiellement,39,
could,demande,48,
steal,oliver,60,
bounty,plaider,136,
enobarbus,rare,141,
still,occasion,280,
wings,poins,70,
visit,patient,300,
keeps,jamais,645,
weapons,crÃ©dit,616,
object,peut-Ãªtre,204,
become,joue,76,
train,mandat,53,
speech,la personne,50,
plain,personnel,50,
goodness,peste,101,
second,ruisseau,48,
julia,car,45,
claud,sauf,51,
falls,droits d'auteur,72,
knees,colÃ¨re,72,
confess,danger,113,
slave,instant,55,
beast,Foi,134,
cominius,pitiÃ©,211,
ferdinand,celles-ci,61,
behold,regards,41,
stars,vide,49,
loves,voyant,38,
outward,parolles,43,
vantage,citoyenne,38,
uncle,aurait,61,
thing,violent,67,
mischief,embrasse,57,
library,malice,41,
study,charmant,38,
membership,prÃªt,99,
woman,quelque temps,40,
respect,priÃ¨res,87,
french,Facile,176,
question,ceux,45,
edmund,dans,127,
sorry,compÃ©tence,53,
majesty,bloque,41,
intend,berger,51,
opinion,Ã  condition de,141,
carry,procÃ¨s,189,
times,humble,110,
tears,donnant,36,
sworn,portes,239,
fresh,argument,77,
obedience,en vÃ©ritÃ©,73,
paulina,livrer,50,
cheer,rois,124,
hector,apportÃ©,48,
names,rugueux,102,
where,par,36,
round,forgÃ©,72,
forest,malheureux,43,
machine,Mars,154,
knife,ci-aprÃ¨s, par la suite,126,
proceed,Personnel,110,
wherein,gouttes,170,
heels,pitre,88,
rather,Paris,42,
scene,couronne,51,
miranda,pourrait,94,
spirit,voler,95,
fourth,prime,241,
rivers,Ã©nobarbus,41,
loose,encore,40,
discover,ailes,111,
doctor,visite,53,
wealth,garde,98,
dreams,armes,51,
while,objet,112,
neither,devenir,183,
attended,train,83,
fierce,discours,74,
shadow,plaine,59,
bones,la bontÃ©,41,
party,seconde,73,
doors,Julia,68,
parted,claud,57,
pandarus,Claudio,77,
lucentio,des chutes,95,
making,les genoux,39,
below,avouer,45,
mouth,esclave,48,
niece,la bÃªte,112,
tempest,cominius,40,
beauty,Ferdinand,55,
messenger,voir,61,
herself,Ã©toiles,117,
murder,aime,65,
sentence,vers l'extÃ©rieur,108,
youth,avantage,72,
frown,avantage,124,
shame,oncle,45,
brief,n'importe quoi,50,
banish,tout,106,
treasure,rien,44,
oaths,quelque chose,50,
should,chose,47,
alone,sottises,88,
highness,bibliothÃ¨que,60,
chamber,Ã©tude,48,
sirrah,adhÃ©sion,58,
wrong,femme,51,
entreat,le respect,84,
meant,franÃ§ais,65,
clear,question,206,
lovers,Edmund,83,
bassianus,Pardon,48,
distributed,majestÃ©,62,
content,avoir l'intention,44,
blind,opinion,59,
duncan,porter,52,
twice,fois,45,
needs,larmes,81,
absence,jurÃ©,253,
fruit,Frais,41,
taken,obÃ©issance,67,
slender,paulina,772,
humour,acclamation,39,
flesh,Hector,42,
fearful,des noms,40,
young,oÃ¹,105,
labour,oÃ¹,58,
always,sol,51,
drunk,rond,62,
steward,forÃªt,79,
mother,machine,43,
flowers,couteau,154,
worth,procÃ©der,39,
appear,oÃ¹,211,
knowing,talons,78,
catch,plutÃ´t,43,
suddenly,scÃ¨ne,49,
parts,Miranda,85,
there,esprit,220,
dearly,QuatriÃ¨me,128,
others,riviÃ¨res,49,
prince,ample,94,
lives,dÃ©couvrir,50,
swift,docteur,52,
glory,richesse,79,
viola,rÃªves,74,
worship,quelque temps,90,
marriage,tandis que,47,
breed,ni,39,
short,assistÃ©,64,
remedy,fÃ©roce,72,
unless,ombre,62,
chide,des os,76,
affairs,fÃªte,40,
peace,des portes,62,
dagger,sÃ©parÃ©,45,
dolabella,Pandarus,143,
forget,Lucentio,51,
learn,fabrication,90,
freely,au dessous de,43,
power,bouche,71,
countess,niÃ¨ce,138,
hours,tempÃªte,46,
heaven,beautÃ©,112,
council,Messager,75,
padua,se,72,
false,meurtre,49,
kneel,phrase,66,
feast,jeunesse,47,
spend,froncer les sourcils,53,
abide,la honte,47,
yield,bref,48,
satisfied,bannir,44,
hanging,TrÃ©sor,41,
liberty,serments,51,
darkness,devrait,48,
chance,seul,48,
pretty,altesse,41,
enough,chambre,58,
sharp,sirrah,67,
cares,faux,39,
people,supplier,83,
hubert,signifiait,81,
frame,clair,44,
blows,les amoureux,65,
milan,bassianus,52,
heavy,distribuÃ©,64,
policy,contenu,55,
quoth,aveugle,67,
laugh,Duncan,38,
death,deux fois,57,
justice,Besoins,164,
touch,absence,126,
queen,fruit,47,
commanded,pris,71,
exeunt,mince,44,
meeting,humour,54,
merchant,la chair,84,
particular,craintif,43,
unknown,Jeune,60,
between,la main d'oeuvre,92,
cannot,toujours,64,
athens,ivre,66,
golden,intendant,72,
again,mÃ¨re,111,
quiet,fleurs,51,
denied,indigne,49,
though,vaut,52,
sickness,apparaÃ®tre,64,
noble,apparaÃ®t,47,
return,connaissance,45,
stood,capture,47,
lawful,tout Ã  coup,40,
limbs,les piÃ¨ces,238,
whether,LÃ ,45,
clothes,par consÃ©quent,54,
blush,la bride,45,
either,chÃ¨rement,48,
pleasure,autres,44,
exeter,prince,143,
yourself,vies,104,
stain,rapide,67,
borne,gloire,186,
drown,alto,42,
merry,culte,42,
avoid,mariage,58,
steel,race,91,
first,court,222,
displeasure,prochainement,114,
entertain,remÃ¨de,49,
innocent,sauf si,43,
challenge,gronder,42,
cruel,affaires,55,
folly,paix,110,
naked,dague,129,
leontes,Dolabella,44,
priest,oublier,107,
salerio,apprendre,59,
blest,appris,44,
beaten,librement,53,
wrought,Puissance,233,
charge,comtesse,180,
quality,heures,75,
includes,paradis,87,
bears,conseil,72,
abuse,Padoue,103,
claim,faux,187,
betray,s'agenouiller,59,
ambition,le banquet,211,
cause,dÃ©penser,66,
wounded,respecter,50,
copies,rendement,53,
sword,satisfait,48,
strange,pendaison,56,
fools,libertÃ©,49,
complexion,obscuritÃ©,98,
safety,chance,172,
hateful,jolie,259,
coward,assez,71,
figure,tranchant,56,
report,se soucie,164,
dearest,gens,147,
forward,Hubert,49,
strike,Cadre,210,
cinna,coups,44,
private,Milan,139,
taught,lourd,101,
presence,politique,53,
awake,quoth,96,
deadly,rire,41,
consider,dÃ©cÃ¨s,40,
fiery,Justice,115,
brain,toucher,86,
dramatis,reine,40,
store,commandÃ©,48,
fenton,sortir,81,
doing,rÃ©union,41,
bastard,marchande,46,
divine,particulier,188,
project,inconnue,45,
daughter,entre,155,
dwell,ne peux pas,125,
happy,AthÃ¨nes,149,
therefore,d'or,131,
themselves,encore,65,
write,silencieux,93,
green,refusÃ©,45,
teeth,bien que,84,
field,bien que,142,
protest,pensÃ©e,82,
given,maladie,153,
going,noble,150,
thought,revenir,86,
